size,density, row_dev,col_dev,tag
10882468962,0.00207901,4554.41,84.7443,3
20923333201,0.0000513,2.71831,2.71831,1
187320262,0.000823739,1.34917,107.484,1
596605030,0.000502436,1.44166,175.726,1
10300626064,0.0000849,2.6537,2.6537,1
763306384,0.000580236,2.94233,2.90206,2
2918052361,0.000341465,6.92217,3.10906,3
1.3785E+13,0.000000806,0.702961,0.702961,1
840072256,0.000713236,29.7392,3.75293,3
2646896704,0.000399188,28.4033,4.90532,3
4.63683E+11,0.000037,11.8567,11.8567,1
85268672064,0.0000857,11.8003,11.8003,1
2054808900,0.000793005,39.731,39.731,3
12314562841,0.0000602,2.91506,2.91506,1
6402560256,0.0000312,49.985,49.985,5
6402560256,0.0000306,47.7306,47.7306,5
3600960064,0.0000403,53.9727,53.9727,5
548121744,0.000398605,1.30866,1.30866,2
548121744,0.000398605,1.30866,1.30866,2
548121744,0.000398605,1.30866,1.30866,2
548121744,0.000398605,1.30866,1.30866,2
4.64544E+13,2.93E-07,0.045827,0.045827,2
2.53638E+11,3.56E-05,1.25658,1.25658,1
2.53638E+11,3.56E-05,1.25658,1.25658,1
2.53638E+11,3.56E-05,1.25658,1.25658,1
2.53638E+11,3.56E-05,1.25658,1.25658,1
2.53638E+11,3.56E-05,1.25658,1.25658,1
2.53638E+11,3.56E-05,1.25658,1.25658,1
2.54879E+11,3.55E-05,1.27522,1.27522,1
2.27426E+12,1.19E-05,0.901546,0.901546,1
2.54879E+11,3.55E-05,1.27522,1.27522,1
2.54879E+11,3.55E-05,1.27522,1.27522,1
2.54879E+11,3.55E-05,1.27522,1.27522,1
2.54879E+11,3.55E-05,1.27522,1.27522,1
2.54879E+11,3.55E-05,1.27522,1.27522,1
2.54879E+11,3.55E-05,1.27522,1.27522,1
2.54879E+11,3.55E-05,1.27522,1.27522,1
2.54879E+11,3.55E-05,1.27522,1.27522,1
555073600,0.000872418,1.27075,1.46326,1
202037796,0.00128534,3.94821,2.92314,1
2051365264,5.29E-05,5.74964,5.74964,5
63638134756,9.67E-06,3.09347,3.09347,2
68702176321,1.80E-05,0.951538,5.70791,2
1.60582E+11,1.99E-05,3.07182,15.0735,2
1.68294E+11,1.99E-05,3.07317,15.3135,2
1.62727E+11,2.08E-05,2.78968,15.2782,2
5.407E+11,9.54E-06,3.94388,7.57461,2
3600000000,0.00011391,3.41445,3.41445,1
6528640000,4.77E-05,0.475931,0.475931,2
5.11477E+11,5.41E-06,0.448098,0.448098,2
196000000,0.00945461,36.4945,36.4945,3
34674536521,1.30E-05,2.92528,2.92528,2
1.44345E+13,7.88E-07,0.865496,0.865496,1
984641641,0.000108427,30.6905,30.6905,5
9868435600,9.67E-05,420.914,420.914,5
9838656100,5.88E-05,6.16355,6.16355,2
1.03569E+11,2.54E-05,502.951,502.951,4
1.03472E+11,1.77E-05,7.94985,7.94985,2
4.66301E+11,8.30E-06,659.807,659.807,4
4.66096E+11,5.00E-06,4.25287,4.25287,2
2.87782E+12,3.86E-06,136.861,136.861,3
279090436,0.000434451,21.0085,21.0085,3
1.614E+12,5.46E-06,0.244858,0.244858,2
1.614E+12,5.46E-06,0.244858,0.244858,2
2.21936E+12,4.65E-06,0.264309,0.264309,2
2.21936E+12,4.65E-06,0.264309,0.264309,2
8.9056E+11,4.41E-05,42.4453,42.4453,3
1263304849,6.16E-05,1.50184,1.50184,2
2.01327E+11,1.65E-05,2.71361,2.71361,1
1688552464,0.000997246,167.038,96.9371,3
58402455556,1.02E-05,3.63807,3.63807,2
12786181776,0.000297592,24.9358,24.9358,3
13369140625,0.000291534,28.4608,28.4608,3
13369140625,0.000291534,28.4608,28.4608,3
13369140625,0.000291534,28.4608,28.4608,3
12786181776,0.000297592,24.9358,24.9358,3
12786181776,0.000297592,24.9358,24.9358,3
12786181776,0.000297592,24.9358,24.9358,3
13369140625,0.000291534,28.4608,28.4608,3
12591308521,6.04E-05,0.433105,0.433105,2
1629413956,8.90E-05,2.71075,2.75111,2
843344253,0.000132302,35.311,5.67886,5
3333330225,8.33E-05,3.96858,5.1273,2
422097025,0.000376885,8.16467,10.9333,1
1501097536,0.00118028,38.3953,39.1061,3
4747485604,7.91E-05,2.23501,2.23501,2
120428676,0.00182525,15.4136,15.4136,1
142754704,0.000564037,7.6245,7.6245,1
238362721,0.000561497,7.08051,7.08051,1
195776064,0.00161787,15.641,15.641,1
836597776,0.0012386,31.7231,31.7231,3
1266505744,0.000480457,15.1769,15.1769,1
1989962881,0.000517424,15.485,15.485,1
914276169,0.000809602,14.2328,14.2328,1
531394704,0.00109729,12.2213,12.2213,1
650403009,0.000896736,13.4038,13.4038,1
2187619984,0.000488217,4.95389,4.95389,1
531394704,0.000313118,14.0348,14.0348,1
2.07733E+12,7.46E-07,0.492694,0.492694,2
60454023876,0.000110798,2.99507,2.99507,1
2415919104,4.07E-05,2.13E-14,2.13E-14,2
3601440144,9.44E-05,305.43,305.43,5
900240016,8.89E-05,57.7629,57.7629,5
900180009,7.78E-05,57.7293,57.7293,5
51693479044,0.000111387,13.8112,13.8112,1
19978974409,0.000187222,12.7244,12.7244,1
22132512900,0.000243822,18.508,18.508,1
307862116,0.000226536,0.526049,0.526049,2
345550921,0.000213963,0.48651,0.48651,2
375041956,0.000205462,0.450812,0.450812,2
9.73583E+11,3.73E-05,15.8104,15.8104,1
16185946176,0.000211368,17.6404,17.6404,1
8.37038E+11,3.37E-05,20.374,20.374,1
8700971841,7.50E-05,653.397,653.397,5
2.17451E+11,4.09E-06,194.912,194.912,5
3922642161,9.34E-05,4.87345,4.87345,1
762146449,0.000126749,131.255,131.255,5
772395264,0.000114743,1.67325,1.67325,2
8.47636E+12,7.71E-06,6.96867,6.96867,1
2.63529E+11,3.93E-05,250.766,250.766,3
111957561,0.00349008,198.797,198.797,3
109641841,0.000550684,41.3385,41.3385,3
123765625,0.000544578,72.6019,72.6019,3
174398436,0.000538015,85.1036,85.1036,3
222397569,0.00032669,42.0216,42.0216,5
235407649,0.000481599,38.897,38.897,3
336869316,0.000273747,16.8659,16.8659,5
446561424,0.000199496,14.4521,14.4521,5
501804801,0.000215249,22.9016,22.9016,5
538054416,0.000210245,18.1982,18.1982,5
573506704,0.000197612,16.0431,16.0431,5
914155225,0.00022012,78.5484,78.5484,3
1010794849,0.000209482,37.5014,37.5014,3
1074528400,0.000202987,24.4989,24.4989,5
1289528100,0.000161613,32.1489,32.1489,5
1431335889,0.000154761,134.88,134.88,5
1413384025,0.000208773,43.3618,43.3618,5
1704203524,0.000153097,23.761,23.761,5
1904449600,8.98E-05,14.2757,14.2757,5
1902529924,9.29E-05,16.7598,16.7598,5
1741476361,0.000172576,34.3153,34.3153,5
1741476361,0.000172576,34.3153,34.3153,5
1956646756,0.000122387,21.3432,21.3432,5
2604571225,0.000147601,153.473,153.473,3
2604571225,0.000147601,153.473,153.473,3
2310340356,8.84E-05,18.9139,18.9139,5
2498900121,0.000109848,36.5338,36.5338,5
2498900121,0.000109848,36.5338,36.5338,5
3361100625,8.78E-05,44.7335,44.7335,4
3361100625,8.78E-05,44.7335,44.7335,4
4200336100,7.51E-05,18.687,18.687,5
4550581764,7.60E-05,21.9484,21.9484,5
4750517776,7.66E-05,22.6459,22.6459,5
5873383044,7.97E-05,29.2367,29.2367,5
7066756096,5.60E-05,22.1048,22.1048,5
28703814084,2.52E-05,151.494,151.494,5
28703814084,2.52E-05,151.494,151.494,5
5.04306E+11,3.46E-06,2.90003,2.90003,2
352387984,0.000562193,30.568,30.568,3
535135689,0.000174716,10.636,10.636,5
129891609,0.00115977,3.9837,3.9837,1
1527402724,0.000366453,4.47423,4.47423,2
16959331984,0.000119848,4.70918,4.70918,1
1.98305E+11,3.77E-05,5.12839,5.12839,1
2.26739E+12,1.20E-05,5.36783,5.36783,1
2.65726E+13,3.73E-06,5.73672,5.73672,1
144192064,0.000821966,46.6369,46.6369,3
36957755536,1.65E-05,14.14,14.14,2
3900127401,0.000521757,14.0563,14.0563,1
1617326656,0.000325314,316.226,316.226,3
208918116,0.000362826,105.253,105.253,3
845400960,0.000157189,2.26258,0.100767,1
1.19191E+11,1.13E-05,36.4441,36.4441,4
187169761,0.00184377,7.83422,7.83422,3
2415919104,2.88E-05,0.372678,0.372678,2
2415919104,3.05E-05,4.44E-15,4.44E-15,2
4992270336,0.000190196,2.97203,2.97203,1
15237433600,0.000105377,3.86028,3.86028,1
1867017600,0.000113379,2.49E-14,8.88E-16,2
691488000,0.000340136,6.66E-15,2.84E-14,2
8297856000,8.50E-05,3.55E-14,5.51E-14,2
19914854400,4.25E-05,1.33E-14,1.33E-14,1
1867017600,0.000226757,4.40E-14,6.39E-14,2
33606316800,4.72E-05,1.64E-13,4.26E-14,2
1.34425E+11,1.89E-05,4.17E-14,5.24E-14,2
2212761600,0.000212585,5.77E-14,2.59E-13,2
44255232000,4.25E-05,1.39E-13,2.31E-13,2
2.12425E+11,1.59E-05,8.88E-14,1.87E-13,2
2.30592E+13,1.85E-06,1.04326,1.04326,1
4640470641,0.00115888,1061.44,7.40935,3
1632240801,0.000123267,0.140366,0.140366,2
1396143225,0.000236819,1.01751,0.778767,2
8144882001,9.86E-05,0.832455,0.638187,2
1.45451E+11,2.35E-05,0.593215,0.455548,2
5.06161E+11,1.26E-05,0.510546,0.392244,2
403286724,0.000697147,2.69254,2.69254,1
403286724,0.000697147,2.69254,2.69254,1
6433483681,4.78E-05,30.0312,40.3073,5
3.0895E+13,1.93E-06,1356.62,1356.62,5
1.24138E+13,1.55E-06,2.09086,1.27941,2
72089565025,1.60E-05,16.2825,16.2825,2
1193426116,0.00035325,15.2243,25.3319,3
771172900,0.000457494,15.9671,39.816,3
1.42489E+13,1.16E-06,7.7812,6.65467,5
2470288804,0.000134814,23.2205,23.5294,5
2470288804,0.000134814,23.2205,23.5294,5
1.05987E+11,3.03E-05,20.5373,218.496,2
48893612161,8.07E-05,7.04043,7.04043,1
40425927844,1.21E-05,3.32004,3.32004,2
247327036,0.000443344,36.3632,5.25888,3
51674382400,1.58E-05,10.6337,10.6337,2
89441070489,1.09E-05,9.81524,9.81524,2
971132569,0.000123597,10.398,10.398,1
1633857241,0.000107533,12.7349,12.7349,1
2415919104,0.000793457,2.77E-13,2.77E-13,1
2415919104,0.000793457,2.77E-13,2.77E-13,1
2415919104,0.000793457,2.77E-13,2.77E-13,1
2415919104,0.000793457,2.77E-13,2.77E-13,1
2415919104,0.000793457,2.77E-13,2.77E-13,1
2415919104,0.000793457,2.77E-13,2.77E-13,1
2415919104,0.000793457,2.77E-13,2.77E-13,1
6944555556,0.000438748,19.0802,19.0802,1
3.68639E+12,1.91E-06,0.942416,923.377,2
2.8805E+12,1.87E-06,0.942359,2.482,2
6495554025,3.69E-05,0.640216,0.640216,2
32723001025,1.65E-05,0.598087,0.598087,2
14687500864,9.27E-05,13.7927,13.7927,1
1.88445E+11,8.51E-05,101.278,101.278,3
2.92125E+11,5.22E-05,66.2361,66.2361,3
296597284,0.000384842,5.74965,5.74965,1
3077586576,0.000132478,4.18834,4.18834,1
1.73722E+11,0.000128494,8.72078,8.72078,1
2788262416,0.00191284,88.6642,88.6642,3
4075290244,0.00174376,95.8757,95.8757,3
25600000000,6.84E-05,0.420847,6.96557,2
324360100,0.00150906,7.51739,7.51739,1
195021225,0.00251908,14.8306,14.8306,1
609892416,0.00145589,14.1624,14.1624,1
195021225,0.000863675,4.94394,4.94394,1
609892416,0.000498831,4.72099,4.72099,1
4566786084,3.68E-05,2.90653,2.90653,1
2738324241,0.000502277,16.9786,16.9786,1
4.68619E+12,1.38E-05,4.47162,4.47162,1
4.68619E+12,1.38E-05,4.47162,4.47162,1
122832889,0.000506485,1.29168,1.29168,1
51280055401,2.63E-05,1.0242,1.0242,2
6.50489E+11,7.48E-06,0.921613,0.921613,2
1.48736E+12,4.96E-06,0.885542,0.885542,2
5.66685E+12,2.55E-06,0.855869,0.855869,2
2500000000,8.00E-05,1.99997,1.99997,2
306250000,0.000228509,3.62556,3.62556,1
187169761,0.00194455,7.84627,7.84627,3
104611984,0.000983405,7.15981,3.66469,1
418939024,0.0004919,7.17421,3.66075,1
1676738704,0.000245803,7.17636,3.67299,1
33390252900,2.65E-05,2.74946,2.74946,2
2862474240,5.13E-05,1.62,4.37929,2
1.52002E+11,7.68E-06,1.96451,1.96451,2
2656062369,0.000199979,5.32314,5.32314,1
9776894400,0.000110653,41.0425,3.68255,3
860753100,0.00125126,219.624,35.2227,3
867350562,0.00133528,236.421,37.6954,3
1.06397E+11,7.59E-06,7.66992,7.66992,2
13650417225,5.61E-05,361.498,361.435,5
13650417225,5.61E-05,361.498,361.435,5
13650417225,5.61E-05,361.498,361.435,5
581533225,9.98E-05,2.97642,2.97642,2
1.09951E+12,1.91E-06,0.00308816,0.00308816,2
1.22322E+11,6.64E-05,1448.91,0.822358,5
1073741824,9.15E-05,1.35542,1.35542,1
4294967296,4.58E-05,1.3532,1.3532,1
17179869184,2.29E-05,1.34455,1.34455,2
68719476736,1.14E-05,1.34112,1.34112,2
2.74878E+11,5.72E-06,1.33835,1.33835,2
1.09951E+12,2.86E-06,1.33664,1.33664,2
4.39805E+12,1.43E-06,1.33635,1.33635,2
1.75922E+13,7.15E-07,1.33638,1.33638,2
5.39398E+11,4.45E-06,2.11239,8.34596,2
3.0447E+11,1.38E-05,3.44305,13.5061,1
1.15546E+11,5.64E-06,1.86259,1.92393,1
1506524600,0.000164235,5.86925,10.0681,1
7992360000,7.79E-05,0.473841,0.473841,2
2772233104,3.21E-05,4.47461,4.47461,1
3.68731E+11,3.51E-05,12.5841,17.0542,1
1.3397E+12,1.85E-05,16.1486,16.1486,1
1.76743E+11,9.42E-05,24.8267,35.6498,1
1.21622E+12,3.72E-05,36.5531,36.5531,3
3600000000,5.00E-05,0.00577341,0.00577341,2
260144641,0.000517285,5.77698,5.77698,1
4228250625,0.000129516,5.76218,5.76218,1
21517662721,8.79E-05,10.1834,10.1834,1
950265434,0.000164655,4.74902,5.47189,1
298632961,0.00185365,15.5422,15.5422,1
539121961,0.00060393,38.7691,20.0898,3
539121961,0.000603925,20.0896,38.7692,1
2703272049,0.000140724,3.35036,3.38317,2
1E+12,3.00E-06,0.0631823,0.0631823,2
9.99998E+11,3.00E-06,0.0632137,0.0632137,2
1346302864,0.000136545,36.1,36.1,5
70338465796,5.97E-06,9.98398,36.5271,4
8.5218E+11,2.46E-05,3.72074,3.72074,1
20612632041,0.000117638,16.8792,16.8792,1
4794731536,5.76E-05,28.3188,16.5725,5
636451984,0.000275004,6.38423,6.44586,2
7160036689,6.48E-05,0.549513,1.50006,2
12372755460,0.000486548,0.782719,1093.14,1
2903769088,0.000517855,582.884,0.478658,5
2054072416,0.000569851,172.533,0.485534,3
7.44189E+11,2.58E-05,29.3334,307.419,1
276024996,0.00397409,16.2319,16.2319,1
144120025,0.00180321,12.2864,12.2864,1
388720656,0.000587075,4.47916,4.47916,1
1.18192E+11,0.000114986,40.8091,40.8091,3
5112965025,0.000524724,37.5485,37.5485,3
4.08068E+11,3.58E-05,5.16122,5.16122,1
40732119684,0.000141119,9.51739,9.51739,1
2032837569,8.05E-05,2.38583,2.38583,1
20574172969,1.99E-05,0.668328,0.668328,2
9923546689,6.68E-05,3.92017,3.92017,1
6105234496,7.41E-05,4.98665,4.98665,1
319694400,0.00134735,4.30878,4.30878,1
21874410000,0.000159515,4.48098,4.48098,1
5485179844,0.000315615,66.3067,66.3067,1
2.41179E+11,8.39E-05,16.2281,16.2281,1
11328834969,0.000124179,12.6756,12.6756,1
5587861504,6.01E-05,6.2778,6.2778,2
1396965376,0.000120215,6.2778,6.2778,1
2.34722E+11,5.00E-06,3.48066,3.48066,2
2.44858E+12,2.43E-05,11.4317,11.4317,1
6.73841E+11,1.46E-05,87.7274,71.5218,3
1871852949,0.000108031,2.19078,0.0907237,1
6905009241,5.43E-05,2.22626,0.0804656,2
178382736,0.000674045,3.77526,14.391,1
1187973280,0.000119976,7.57105,1.30269,2
4751893120,6.00E-05,7.57105,1.30269,2
3664319950,6.35E-05,6.16323,0.416172,2
14657279800,3.17E-05,6.16323,0.416172,2
350737984,0.000171501,1.64919,1.64919,1
10039238416,3.21E-05,1.55823,1.55823,2
1419902976,0.000232219,1.49E-13,4.78435,2
1.17564E+13,1.61E-06,2.07496,1.22277,2
8.99609E+12,2.56E-06,37.494,37.5751,4
39675460969,0.000150058,12.6633,12.6633,1
8.92224E+12,2.98E-06,1806.8,1806.8,5
3537670500,0.000110879,10.6565,5.20825,1
356907664,0.000723907,26.0966,26.0966,3
10000000000,5.01E-05,3.17128,3.17128,1
22530610404,1.95E-05,0.639641,0.639641,2
2.51374E+12,1.84E-06,0.641881,0.641881,2
139004100,0.000824947,14.5927,13.5228,2
139004100,0.000824947,14.5927,13.5228,2
217857600,0.000725198,17.3917,16.4867,2
314352900,0.000646776,19.3037,18.6294,1
314352900,0.000646776,19.3037,18.6294,1
560268900,0.000524705,21.4136,20.9602,1
560268900,0.000524705,21.4136,20.9602,1
876752100,0.000438706,22.5636,22.2197,1
876752100,0.000438706,22.5636,22.2197,1
1263802500,0.000376084,23.2901,23.0123,1
1263802500,0.000376084,23.2901,23.0123,1
1721420100,0.000328773,23.7913,23.5579,2
1721420100,0.000328773,23.7913,23.5579,2
2249604900,0.000291881,24.1581,23.9567,2
2249604900,0.000291881,24.1581,23.9567,2
2848356900,0.000262353,24.4383,24.261,1
2848356900,0.000262353,24.4383,24.261,2
3517676100,0.000238207,24.6594,24.5009,1
3517676100,0.000238207,24.6594,24.5009,1
12787312561,0.000243551,82.3771,82.3771,3
17721733129,0.000254432,103.182,103.182,3
84731059396,8.37E-06,2.96305,2.96305,2
3763699801,0.000801378,224.66,224.66,3
71875465216,0.00013048,105.388,105.388,3
3763699801,0.000457417,134.601,134.601,3
183196225,0.00213218,10.8196,10.8196,1
4477884889,0.000197669,3.51424,3.51424,1
12765610225,0.000313545,90.1508,90.1508,3
12765610225,0.000335447,94.5402,94.5402,3
23637832516,0.000195326,15.4095,15.4095,1
2.06773E+12,1.56E-05,4.39861,4.39861,1
8101067625,0.000226042,2.59598,17.0858,1
78877228875,7.71E-05,2.37096,14.2379,1
4.39608E+11,3.30E-05,2.11277,11.3736,1
1.47916E+12,1.76E-05,1.9801,8.86618,1
3.02809E+12,1.18E-05,2.15359,6.83519,1
3.73685E+12,9.99E-06,2.85415,5.22553,3
2.74734E+12,1.09E-05,4.14027,3.95832,3
1.18299E+12,1.54E-05,6.0684,2.97238,1
2.87564E+11,2.87E-05,9.01127,2.22149,1
36710384922,7.34E-05,13.5386,1.65691,1
2213907996,0.000268255,20.1923,1.23496,3
348666246,0.000338301,0.024697,9.90043,2
5.9812E+13,1.36E-07,0.543376,0.543376,2
2397277444,0.000117017,2.32882,2.32882,2
3.47447E+11,3.22E-05,15.6321,15.6321,1
1011367204,0.00108567,360.303,360.303,3
3851940096,0.000559504,356.023,356.023,3
281669089,0.0165801,1233.52,1233.52,3
301404321,0.0017228,32.0506,32.0506,3
301404321,0.0017228,32.0506,32.0506,3
301404321,0.000593542,10.6854,10.6854,1
4492216576,0.000254191,4.80106,4.80106,1
50452796689,0.000124992,11.992,11.992,1
2.09485E+12,2.63E-06,1.55149,2.08401,2
242144721,0.000326615,110.835,110.835,5
256352121,0.000320146,112.427,112.427,5
11167416976,4.59E-05,7.89011,7.89013,4
1.53866E+11,1.02E-05,0.141753,0.141753,2
1038515076,0.000221793,6.22203,6.22203,1
771172900,0.000457494,15.9671,39.816,3
625800256,9.92E-05,3.39116,3.39116,2
1.29938E+12,4.43E-05,271.865,271.865,3
48638773764,0.000112965,12.8182,12.8182,1
2.24407E+12,1.39E-05,13.9538,13.9538,1
51229795600,1.10E-05,34.3458,34.3458,4
51229795600,1.08E-05,31.8842,31.8842,4
2.10542E+13,3.27E-07,0.0395429,0.0395429,2
3.39254E+13,2.57E-07,0.0336837,0.0336837,2
4.34646E+13,2.27E-07,0.0315932,0.0315932,2
5.07342E+13,2.11E-07,0.030933,0.030933,2
496532089,0.0248644,1409.12,1409.12,3
205635600,0.0439679,1375.14,1375.14,3
4.06897E+12,6.96E-05,53.9528,38.7584,3
617124964,0.000259236,3.61747,2.93599,2
36046819600,3.74E-05,3.84628,3.82089,2
46659024049,1.09E-05,2.23325,2.23325,2
2646896704,0.000399188,28.4033,4.90532,3
75123683569,5.51E-05,2.44404,2.42981,1
22452624964,1.62E-05,3.68899,3.68899,2
136280203,0.00237385,26.0182,57.2746,1
348368310,0.0016888,28.4069,70.0789,1
842846928,0.00122799,30.8102,85.0057,1
1989995700,0.000899746,32.8698,102.167,1
119639844,0.00195592,3.72706,3.72706,1
2.03901E+11,5.31E-06,2.29736,2.29736,2
436642816,0.000438271,1.6444,1.56235,1
28800000000,2.47E-05,2.03601,0.254469,2
3.84014E+11,9.85E-06,15.2556,13.0363,2
1.91243E+12,8.85E-06,37.23,144.062,2
71326919041,8.98E-06,2.49599,2.49599,2
137592900,0.00238619,7.86284,6.00302,1
2.53726E+11,7.35E-05,35.6321,35.6321,3
95735785744,1.60E-05,590.355,590.355,5
15537871801,1.33E-05,3.79278,1.21096,2
924889744,0.00193956,39.2464,40.0868,3
4.47092E+13,1.57E-07,0.408225,0.408225,2
424936996,0.000299296,6.47189,14.2421,2
424936996,0.000299296,6.47189,14.2421,2
758121156,0.000226246,6.5605,14.456,2
758121156,0.000226246,6.5605,14.456,2
1187078116,0.000181843,6.61269,14.5824,2
1187078116,0.000181843,6.61269,14.5824,2
1711807876,0.000152004,6.64709,14.6659,2
1711807876,0.000152004,6.64709,14.6659,2
1600000000,7.48E-05,0.140712,0.140712,2
5898309120,0.00232856,62.4738,441.682,3
1627073569,8.91E-05,2.71138,2.75148,2
4591282081,6.61E-05,2.73883,2.73883,2
123365449,0.00307158,5.54088,5.54088,1
6190113730,0.000285996,823.723,0.9424,5
1475712225,0.000632369,3.46155,2.58594,1
2.08827E+11,5.43E-05,1.89712,1.42699,1
4.25801E+12,1.91E-06,7.40036,7.40036,2
1.15647E+11,8.58E-06,4.65483,0.0017388,2
4294967296,0.000571925,312.505,312.505,3
17179869184,0.000297696,378.105,378.105,3
68719476736,0.000154006,453.732,453.732,3
2.74878E+11,7.92E-05,540.914,540.914,3
1.09951E+12,4.06E-05,640.982,640.982,3
4.39805E+12,2.07E-05,755.641,755.641,3
56929960000,9.85E-06,2.37472,2.37472,2
26137835584,1.51E-05,3.12579,3.12579,2
41798575809,1.17E-05,3.44919,3.44919,2
4512211929,0.00084949,37.8956,29.6275,3
1.59305E+11,7.64E-06,20.71,3.95838,4
1.93618E+11,2.87E-05,1.15112,1.15112,1
1.69182E+12,2.92E-06,0.782906,900.318,2
9.06691E+11,2.62E-05,11.9466,11.9466,1
7732740096,7.67E-05,3.33864,3.15745,1
113891584,0.00204258,26.3588,15.9467,1
113891584,0.00204258,26.3588,15.9467,1
120209296,0.00194445,26.1836,16.0193,1
120209296,0.00194445,26.1836,16.0193,1
203632900,0.00151183,26.2689,15.9833,1
203632900,0.00151183,26.2689,15.9833,1
308915776,0.0012365,26.3206,15.9623,1
308915776,0.0012365,26.3206,15.9623,1
1235663104,0.000618303,26.3194,15.9619,2
1235663104,0.000618303,26.3194,15.9619,2
4942652416,0.000309164,26.3187,15.9617,1
4942652416,0.000309164,26.3187,15.9617,1
515063025,0.00262164,29.2054,29.2054,3
857435524,0.000473603,2.73294,2.73294,1
65536000000,1.54E-05,0.310242,0.310242,2
1.05031E+11,1.15E-05,5.45026,72.8551,2
2.87646E+13,2.75E-06,37.0025,51.0038,3
2.16135E+12,2.05E-05,6.6625,6.6625,1
2.16135E+12,2.05E-05,6.6625,6.6625,1
333427600,0.000348124,74.3076,74.3076,3
337383424,0.000346792,74.5276,74.5276,3
340697764,0.000344654,74.7097,74.7097,3
341362576,0.000344443,74.7463,74.7463,3
183927844,0.000458006,64.0309,64.0309,3
264452644,0.000392134,70.1243,70.1243,5
286557184,0.0003782,71.547,71.547,3
301994884,0.000366255,72.4906,72.4906,3
313360804,0.00036105,73.1644,73.1644,5
325585936,0.000352614,73.867,73.867,5
16263041773,2.20E-05,12.3225,0.466722,4
1106424000,0.000275482,7.82E-14,2.6648,2
19824831000,7.91E-05,1.07E-14,2.72442,1
2500568880,0.000563101,2927.09,1.00594,5
826774056,0.00013015,6.00833,0.421687,2
3664319950,6.35E-05,6.16323,0.416172,2
2.85571E+11,3.81E-06,341.499,341.499,5
1053651600,0.00017107,15.4772,15.4772,1
364752008,0.000275598,27.3302,0.169566,5
11981491600,4.11E-05,1.93909,1.93909,2
13132930801,9.11E-06,0.411209,0.411209,2
9521466084,0.000517313,28.5577,28.5577,3
40080040000,2.00E-05,7.19E-14,7.19E-14,2
46124005225,3.64E-05,3.13118,3.13118,1
1.22624E+13,8.56E-07,0.844716,0.844716,1
24808770064,1.57E-05,3.11205,3.11205,2
42642250000,2.99E-05,4.43587,6.10639,2
25600000000,6.84E-05,0.420847,6.96557,2
215780760,0.00249185,202.872,54.5739,3
1244390580,0.000964759,287.985,33.9305,3
2493457324,0.000524739,221.895,54.3479,3
1477172356,7.76E-05,1.97615,1.97615,2
1.52002E+11,7.68E-06,1.96451,1.96451,2
334487521,0.000339131,4.34126,6.58989,2
334487521,0.000339131,4.34126,6.58989,2
753447601,0.000226552,4.34555,6.60047,1
753447601,0.000226552,4.34555,6.60047,1
1340218881,0.000170088,4.34767,6.60573,1
1340218881,0.000170088,4.34767,6.60573,1
2094801361,0.000136154,4.34893,6.60888,1
2094801361,0.000136154,4.34893,6.60888,1
3017195041,0.000113508,4.34977,6.61097,1
3017195041,0.000113508,4.34977,6.61097,1
4107399921,9.73E-05,4.35036,6.61247,1
4107399921,9.73E-05,4.35036,6.61247,1
10697764900,0.000198317,17.7938,3.13153,3
15707358241,0.000170541,42.7718,8.92225,3
2.76492E+11,7.60E-06,0.0763228,0.0763228,2
21096691009,1.66E-05,3.33102,3.33102,2
4832752324,3.47E-05,3.27261,3.27261,2
7.33069E+12,2.02E-06,2.0616,1.17346,2
315346564,0.000400036,22.0354,22.0354,5
1.08824E+11,7.25E-06,2.64446,2.64446,2
1665129636,7.34E-05,0.175157,0.175157,2
4417330369,0.00117936,350.744,350.744,3
897421849,0.00222308,38.335,38.335,3
720373500,0.0002886,7.99E-15,3.91E-14,2
3241680750,9.62E-05,9.33E-14,2.49E-14,2
36522936450,2.22E-05,6.31E-14,4.26E-14,1
2.26202E+12,4.90E-05,2.50687,2.50687,1
1.42131E+11,0.000194821,3.52481,3.52481,1
67484089729,9.09E-06,2.7599,2.7599,2
1.18037E+11,7.02E-06,2.91247,2.91247,2
2309306566,8.65E-05,8.20931,2.87882,4
28699748100,0.000175482,17.9049,17.9049,1
2034100201,0.00713151,856.669,856.669,3
9663676416,6.10E-05,7.11E-14,3.13846,1
9325117440,6.10E-05,6.75E-14,31.6042,2
29507681284,1.42E-05,2.88541,2.88541,2
117679104,0.00527122,48.0939,48.0939,3
531394704,0.00110828,11.6231,11.6231,3
1.72942E+11,5.97E-05,11.71,11.71,1
17500114944,1.82E-05,3.5889,3.5889,2
634384969,0.000304667,143.814,144.207,5
634384969,0.000304667,143.814,144.207,5
634384969,0.000304572,143.814,144.207,5
24700652316,5.90E-05,9.95E-14,1.81588,2
9166852470,9.06E-05,3.20E-14,1.60441,2
1772762175,0.000187766,4.44E-14,1.3157,2
1039265154,0.000299133,1.51E-14,1.19773,2
5394510495,0.000135101,9.77E-15,1.55545,1
16993129725,7.68E-05,1.11E-13,1.80259,2
32462647425,5.51E-05,2.81E-13,1.92528,2
37105453410,5.03E-05,1.63E-13,1.92691,2
1.0799E+12,2.88E-06,0.856599,0.856599,1
3010716900,0.000453745,8.53064,8.53064,1
83513486169,8.48E-06,3.10408,3.10408,2
2500000000,8.00E-05,1.99997,1.99997,2
5625000000,4.89E-05,3.48585,3.48585,2
3906250000,6.08E-05,2.86311,2.86311,1
7656250000,4.08E-05,3.99776,3.99776,2
1296000000,0.00550036,83.1939,83.1939,3
17894145361,1.75E-05,2.6241,2.6241,2
5184000000,0.00277659,76.9435,76.9435,3
324000000,0.0106718,89.1729,89.1729,3
37384995904,1.22E-05,2.49171,2.49171,2
2.4718E+11,6.18E-06,0.501293,46.0747,2
17562510813,3.41E-05,0.884437,50.5941,2
17781080704,3.85E-05,1.3107,65.806,2
2.6575E+11,7.73E-06,9.04866,26.3254,4
895206400,0.00115232,57.8201,57.8201,3
1348358400,0.000969297,66.6259,66.6259,3
1893990400,0.000835464,74.779,74.779,3
7804485649,0.000162091,85.3025,85.3025,3
266342400,0.00180504,39.1268,39.1268,3
534534400,0.00141461,48.4265,48.4265,3
4.91371E+12,4.97E-07,0.581562,0.581562,2
2385052569,4.92E-05,3.27359,3.27359,2
28760089744,1.44E-05,2.74371,2.74371,2
1.25486E+13,4.00E-06,3.09277,3.09277,1
1.12869E+12,1.32E-05,3.73512,3.73512,1
1.73369E+13,7.20E-07,0.841931,0.841931,1
28428994881,1.46E-05,3.43568,3.43568,2
345513744,0.0011189,2.41668,2.41668,1
50157745200,2.93E-05,10.3227,11.7577,2
1.06099E+11,8.76E-06,5.5752,35.7093,2
416731396,0.00403041,43.899,43.8972,3
864061689,0.000807509,76.9634,61.7303,3
588999168,0.00025198,0.499465,3.50504,1
7146673444,2.92E-05,3.6243,3.6243,2
1.22618E+11,6.97E-06,2.54829,2.54829,2
1600000000,7.43E-05,0.41979,0.41979,2
67490324521,3.34E-05,2.81215,2.81215,1
1.33476E+11,6.62E-06,2.65657,2.65657,2
32885283649,0.000336428,21.0852,21.0852,3
5439357504,0.000337442,13.4906,13.4906,1
72424497924,8.80E-06,2.87789,2.87789,2
260693316,0.001978,12.4094,12.4094,1
7790357169,5.17E-05,2.83522,2.83522,2
7321711489,3.45E-05,0.304865,0.304865,2
1300107249,0.000262354,14.2398,17.8424,1
1300107249,0.000175084,5.03252,6.67439,1
1926068769,0.000132809,5.99448,5.99448,1
238239225,0.000364566,5.53094,5.53094,1
894129604,0.000185834,6.03306,6.03306,1
238671601,0.00407695,42.4948,42.4948,3
38659817641,1.27E-05,3.40212,3.40212,2
192618100,0.000612611,88.9998,4.98396,3
3917007396,3.78E-05,4.39157,2.68003,2
1.777E+11,5.79E-06,2.63184,2.63184,2
4.60468E+12,3.80E-06,2.82958,2.82958,1
24312293776,0.000222783,22.2782,22.2782,3
23478207076,0.000226858,19.886,19.886,3
24312293776,0.000222783,22.2782,22.2782,3
24312293776,0.000222783,22.2782,22.2782,3
24312293776,0.000222783,22.2782,22.2782,3
24312293776,0.000222783,22.2782,22.2782,3
24312293776,0.000222783,22.2782,22.2782,3
2.76492E+11,7.60E-06,0.152633,0.152633,2
1.42489E+13,1.05E-06,5.31561,5.61278,1
57862859209,9.69E-06,2.99549,3.89764,2
370254564,0.0126166,379.743,379.743,3
195021225,0.00251908,14.8306,14.8306,1
609892416,0.00145589,14.1624,14.1624,1
2738324241,0.000502277,16.9786,16.9786,1
1326197889,0.00165178,31.8604,31.8604,3
274167364,0.000303129,7.25777,7.25777,1
80399054211,1.36E-05,7.19658,0.385819,2
7915574616,4.30E-05,6.17101,0.413569,2
14540642164,3.21E-05,6.43729,0.409352,2
22909110840,2.58E-05,6.67196,0.404238,2
33450676451,2.15E-05,6.89577,0.39984,2
44828734720,1.86E-05,7.02511,0.397155,2
56139478980,1.65E-05,7.09904,0.393673,2
67904909704,1.49E-05,7.153,0.39018,2
5587861504,6.01E-05,6.2778,6.2778,2
5.51741E+11,3.43E-05,19.9725,19.9725,1
485937936,0.0010304,20.2204,20.2204,1
116640000,0.00351852,30.5464,30.5464,3
4011448896,0.00039808,11.8032,11.8032,1
3090248100,0.000691571,110.888,110.888,3
1381162896,0.000811746,24.6235,24.6235,3
1863130896,0.000701757,24.8689,24.8689,1
284259600,0.00428422,61.1332,61.1332,3
493239681,0.00329341,61.5369,61.5369,3
1153281600,0.000701303,14.4526,14.4526,1
6508616976,0.000337219,6.56925,6.56925,1
7709542416,0.000344101,25.0322,25.0322,1
8959190409,0.000424534,148.391,148.391,3
9004681449,0.000372679,32.7229,32.7229,3
23081509476,0.000324685,46.5077,46.5077,3
515063025,0.00133285,29.2054,29.2054,3
1892369416,7.56E-05,3.47547,1.28839,2
182628196,0.00193159,13.7645,13.7645,1
7331298129,0.000323947,14.7121,14.7121,1
25943544900,0.000315498,19.6983,18.6848,1
4.34324E+11,1.37E-05,22.1217,27.2444,2
10000000000,5.00E-05,15.5454,15.5454,3
219691684,0.00166284,5.11656,5.11656,1
294690216,0.000347592,0.549372,6.07527,2
315775752,0.000365012,1.16705,6.71306,2
1333637361,0.000135954,0.79167,0.79167,1
47488254724,0.000124792,4.7439,4.7439,1
4372780129,0.000197438,4.18252,4.18252,1
4372780129,0.000197438,4.18252,4.18252,1
449440000,0.0033125,6.327,6.327,1
391208841,0.00172336,15.9563,15.9563,1
408403681,0.000195201,1.97149,1.97149,1
6374585281,4.97E-05,1.98583,1.98583,2
69560370049,1.87E-05,88.2915,88.2916,4
599368324,0.000108417,1.11407,1.11407,2
912160804,8.79E-05,1.11322,1.11322,2
1388382121,0.000319489,27.6076,27.6076,3
8891358436,7.21E-05,97.7293,97.706,4
8891358436,7.21E-05,97.7293,97.706,4
8891358436,5.46E-05,96.9335,96.8392,4
7554391056,8.01E-05,101.873,101.85,4
1.69477E+11,1.12E-05,188.773,160.238,4
1591930201,0.000123915,24.9689,24.5463,4
12178226025,4.57E-05,19.3716,19.1751,4
1.28287E+11,1.52E-05,180.116,180.11,4
7602096100,7.99E-05,101.977,101.954,4
2604265024,9.57E-05,22.7604,22.4036,5
7602096100,7.99E-05,101.977,101.954,4
4.14728E+11,1.17E-05,773.927,783.42,5
4.14728E+11,1.49E-05,784.58,784.573,5
2.19961E+13,9.24E-07,1.10616,1.10616,2
283248900,0.00508948,52.8571,52.8571,3
4268209736,0.000192549,1.95893,17.3511,2
2.71594E+12,8.71E-06,1.95936,14.8586,2
4268209736,0.000312552,0.717095,26.3675,2
6.78983E+12,5.74E-06,20.7765,72.7611,2
177742224,0.00083288,66.741,66.741,3
5491402816,6.66E-05,1.78166,0.415814,2
1073741824,0.000149235,3.15509,3.15509,1
4294967296,7.97E-05,3.24781,3.24781,1
17179869184,4.24E-05,3.34422,3.34422,1
68719476736,2.25E-05,3.44855,3.44855,1
2.74878E+11,1.19E-05,3.54345,3.54345,1
1.09951E+12,6.27E-06,3.62826,3.62826,1
4.39805E+12,3.29E-06,3.73264,3.73264,1
1.75922E+13,1.73E-06,3.81233,3.81233,1
634082761,9.92E-05,2.96347,2.96347,2
508953600,0.00199419,26.5756,25.9789,1
3691840056,8.68E-05,3.85034,15.4644,1
1.45686E+11,0.000257162,68.685,64.3143,3
2193517225,0.00108228,27.7806,27.7806,1
3.88595E+12,7.12E-07,1.00528,1.00528,2
1.19011E+12,1.30E-06,1.02578,1.02578,2
1.94152E+12,9.90E-07,1.03703,1.03703,2
898838986,0.000230055,69.8635,4.84976,5
2.1737E+11,3.58E-05,0.343717,11.3881,2
8181021601,0.000300167,3.6303,3.6303,1
8181021601,0.000234928,2.6822,2.6822,1
8181021601,0.000234928,2.6822,2.6822,1
33090520464,1.35E-05,3.03618,3.03618,2
2198101099,5.61E-05,0.839577,18.1293,2
1533265113,7.84E-05,2.4522,35.3375,2
629082692,0.00017653,5.60959,6.50698,2
2504515140,8.84E-05,5.60486,8.75597,2
29240316004,3.28E-05,4.39216,4.39219,2
1828571580,0.000101919,4.79247,23.8565,1
7807489600,2.63E-05,2.42221,2.42221,2
1.93585E+12,1.70E-05,9.24594,9.24594,1
76908905580,1.08E-05,7.46938,1.96788,2
6710886400,3.05E-05,3.11E-14,3.11E-14,2
6710886400,3.05E-05,3.11E-14,3.11E-14,2
3435432000,0.000174825,1.42E-14,2.49E-13,2
40080040000,2.00E-05,7.19E-14,7.19E-14,2
342620100,0.000423644,99.9495,99.3773,5
1219406400,0.00191862,55.1994,55.1994,3
14817705984,0.000276958,18.694,18.694,1
19845483876,0.000200405,11.0748,11.0748,1
32349619600,0.000159089,12.0811,12.0811,1
13206376561,0.000256252,14.2957,14.2957,1
1330498576,5.36E-05,0.309635,0.309635,2
108764041,0.000524199,2.27607,2.27607,1
5849190400,5.64E-05,1.25315,1.25482,2
291623929,0.00153108,62.7946,62.7946,3
9519709761,0.000275951,68.9347,68.9347,3
34461838321,0.000220489,126.972,126.972,3
395850816,0.000958055,31.1598,31.1598,3
57777256161,9.43E-05,39.6912,39.6912,1
132987024,0.00427505,28.6397,17.1482,1
269879184,0.00360838,34.3186,19.9933,1
1115626801,0.000605514,58.0204,58.0204,3
24127719561,0.000237048,294.169,294.169,3
158709604,0.000658807,6.30962,6.30962,1
1.09658E+11,6.21E-05,0.557996,6852.05,2
10000000000,5.00E-05,1.34338,1.34338,1
156350016,0.00559569,34.929,34.9306,3
844890489,0.00246312,37.0664,37.0674,3
1842984900,0.00170845,36.9837,36.983,3
661004100,0.00285845,47.5173,47.5173,3
5758988544,8.84E-05,26.015,33.6793,5
2.34989E+13,2.94E-06,36.0803,43.462,3
17378621584,4.84E-05,32.9468,34.7455,5
5984105449,8.63E-05,23.6926,30.9482,5
6702860641,8.14E-05,23.5124,31.2694,1
6747636736,8.14E-05,23.5717,31.3939,1
5984569600,0.0001513,36.8439,37.205,3
6751580224,0.00014048,36.9179,37.4634,5
669214425,0.000167955,2.47973,131.568,2
3282264288,0.0140659,1491.96,4.85895,3
2500000000,0.000319798,11.1545,11.1545,1
899700025,0.00014446,0.472707,0.472707,2
3016645776,0.000500071,4.90225,4.90225,1
79469301409,2.91E-05,166.332,11.3114,5
4.67098E+11,1.62E-05,284.832,16.3706,4
27850739448,0.00010241,18.4142,0.484532,3
37691428980,8.80E-05,19.9407,0.483378,3
483208324,0.00258425,145.588,114.411,3
483208324,0.00103221,50.1074,42.2497,1
483208324,0.00301288,169.296,129.752,3
483208324,0.00110061,51.3577,46.3374,3
2.14663E+12,5.23E-06,2.57378,2.57378,1
2466711556,0.000119973,2.3866,2.3866,2
157402116,0.000471671,2.41403,2.41403,1
157402116,0.000471671,2.41403,2.41403,1
45522489600,6.64E-05,5.88636,4.08267,1
7.27472E+11,4.76E-06,4.26851,9.4571,2
11412345735,3.80E-05,4.27726,3.54406,2
2869744900,0.000213828,4.29755,4.29755,1
130988025,0.000715951,3.86902,3.86902,1
130988025,0.000715951,3.86902,3.86902,1
130988025,0.000715951,3.86902,3.86902,1
8.49406E+11,5.40E-06,0.273591,0.215986,2
6268047241,0.000353481,14.5241,14.5241,1
6268047241,0.000353481,14.5241,14.5241,1
6268047241,0.000353481,14.5241,14.5241,1
414529600,0.000639551,3.93079,3.93079,1
414529600,0.000639551,3.93079,3.93079,1
3600600025,2.48E-05,0.136225,0.136225,2
8848976761,3.13E-05,0.317189,0.317189,2
340550116,0.000399066,3.32895,3.32895,1
112466025,0.00377525,37.1958,22.7824,1
112466025,0.00377525,37.1958,22.7824,1
112466025,0.00464484,45.9873,20.3002,3
112466025,0.00464484,45.9873,20.3002,3
112466025,0.000689915,12.1511,12.1511,1
112466025,0.000689915,12.1511,12.1511,1
298258277,0.000724785,6.62167,2.14733,1
1854359160,0.00031613,7.62677,2.17186,1
11812948056,0.000135237,8.68153,2.20773,1
76636375695,5.70E-05,9.81196,2.23936,1
6831683716,4.81E-05,0.876773,0.876773,2
1.50809E+12,3.25E-06,0.811404,0.811404,2
41745027856,6.82E-05,1.43051,1.43051,1
41745027856,1.95E-05,0.71524,0.71524,2
10436256964,3.90E-05,0.71524,0.71524,1
10436256964,3.90E-05,0.71524,0.71524,1
884229696,0.00254447,47.1845,47.1845,3
5.28112E+11,5.50E-06,1.0076,1.0076,2
8.42403E+11,5.44E-06,0.0863249,0.0863249,2
57655693456,1.04E-05,2.99611,2.99611,2
4352814182,0.000148753,13.7163,1.69342,1
1600000000,7.43E-05,0.41979,0.41979,2
13492680964,0.000631194,419.588,245.437,3
13448345089,7.68E-05,0.587506,0.548615,2
67161832336,6.59E-05,4.39231,3.49779,1
1.44793E+11,7.97E-05,3594.93,0.775022,5
13650417225,5.61E-05,361.498,361.435,5
13650417225,5.61E-05,361.498,361.435,5
31993045956,3.01E-05,147.185,147.185,5
2.56676E+12,9.16E-06,1.11529,1.11529,1
488321604,0.00200423,32.371,32.371,3
400000000,0.000718082,1.17403,1.17403,2
399960001,0.000718114,1.17404,1.17404,2
45562183209,0.000133867,12.8879,12.8879,1
116596804,0.00262213,243.783,243.783,3
948516804,0.000953712,428.059,428.059,3
1664476804,0.000723544,495.462,495.462,3
853457796,0.00258238,676.274,676.274,3
853457796,0.00258238,676.274,676.274,3
3227830596,0.00136038,962.146,962.146,3
7125723396,0.00092324,1181.18,1181.18,3
5808878656,0.000171868,436.151,436.151,3
14451886656,0.000109027,548.184,548.184,3
796142656,0.000462981,264.436,264.436,3
208918116,0.000362826,105.253,105.253,3
236359876,0.00258208,36.406,302.112,1
415099876,0.00195796,36.4307,350.005,1
656691876,0.0102957,310.475,959.413,3
1453134400,0.0111285,484.237,1515.42,3
1453134400,0.0111285,484.237,1515.42,3
211353444,0.00697564,102.253,474.426,3
803042244,0.00366592,102.405,680.129,3
1775611044,0.00248559,102.443,836.927,3
1451457604,0.000471392,13.996,307.754,1
3611769604,0.000299019,13.9976,386.935,1
198753604,0.00127015,13.9884,186.298,1
349540416,0.0125773,252.766,809.097,3
1274204416,0.0068921,253.611,1171.15,3
1039264470,0.00103622,424.356,1.29389,5
427869225,0.00289299,28.5546,28.5546,3
462164004,0.000993753,5.24381,5.24381,1
462164004,0.000993753,5.24381,5.24381,1
36071125776,2.53E-05,2.76194,2.76194,2
14580562500,8.40E-05,15.0349,18.8501,2
8.35818E+11,2.67E-06,3.0497,3.0497,2
16683338896,9.92E-06,0.784015,0.784015,2
15912813316,1.02E-05,0.781715,0.781715,2
13318544836,2.15E-05,3.82178,3.82178,2
81659920644,8.59E-06,3.36056,3.36056,2
2215773184,0.000537954,17.6446,17.6446,1
3896755776,0.000440826,2.2937,2.2937,1
3896755776,0.000440826,2.2937,2.2937,1
3896755776,0.000440826,2.2937,2.2937,1
1.62153E+13,4.97E-07,0.118263,0.118263,2
8737762576,0.000164188,3.11968,3.11968,1
151979584,0.00116843,16.089,16.089,1
1073807361,0.000355116,13.9572,14.4388,1
1425968644,0.000815056,7.73588,7.73588,1
1037612944,9.81E-05,1.17454,1.17454,2
3404489104,0.000592329,32.1617,32.1617,3
199063881,0.00049343,73.6294,73.6294,3
3185247844,9.44E-05,21.4235,21.4235,3
121506529,0.000511775,51.8842,51.8842,3
7366788900,3.27E-05,10.2883,10.2883,4
19530621504,2.83E-05,15.1713,15.1713,2
10274660496,3.79E-05,20.0325,20.0325,5
2034100201,9.34E-05,121.489,121.489,5
483824016,0.0025237,49.2975,49.2975,3
110208004,0.000488785,16.1989,16.1989,3
1613950276,8.73E-05,25.0506,25.0506,5
1573550224,0.000120691,130.467,130.467,5
5979619584,7.28E-05,21.169,21.169,3
1061456400,7.33E-05,3.13968,3.13968,2
38249189476,1.24E-05,2.92925,2.92925,2
679332096,0.000260797,0.435724,0.435724,2
679540624,0.000260759,0.436138,0.436138,2
3689347600,0.000551664,12.5996,10.919,1
924220801,0.000271581,3.82775,3.82775,1
1327946481,0.000226742,3.82329,3.82329,1
77845375760,1.36E-05,12.8655,1.27943,2
2.38392E+11,7.75E-06,12.8657,1.27964,2
24435004489,4.34E-05,3.32009,3.32009,1
442513296,0.000685783,3.48696,3.48696,1
1.00001E+12,3.11E-06,25.3452,36.8799,4
4.6954E+11,1.62E-05,16.356,284.801,1
8.3984E+11,6.08E-06,6.55652,38.3664,2
1.06099E+11,1.41E-05,21.4767,39.0493,4
79469301409,2.91E-05,11.3114,166.332,2
6.52766E+11,3.33E-06,15.5202,0.00117557,2
64057585216,9.44E-06,2.61427,2.61427,2
2.67319E+12,7.39E-06,31.075,207.155,2
8.90124E+12,4.19E-06,32.8748,236.463,5
9.91267E+12,3.97E-06,33.1573,239.916,5
